algo,type,n,m,trial,time
lindp-old-sorted,tree,3,2,0,0.000001006
lindp-old-sorted,tree,3,2,1,0.000000941
lindp-old-sorted,tree,3,2,2,0.000000927
lindp-old-sorted,tree,4,3,0,0.000001294
lindp-old-sorted,tree,4,3,1,0.000001422
lindp-old-sorted,tree,4,3,2,0.000001377
lindp-old-sorted,tree,5,4,0,0.000001843
lindp-old-sorted,tree,5,4,1,0.000001842
lindp-old-sorted,tree,5,4,2,0.000001901
lindp-old-sorted,tree,6,5,0,0.000002388
lindp-old-sorted,tree,6,5,1,0.000002304
lindp-old-sorted,tree,6,5,2,0.000002364
lindp-old-sorted,tree,7,6,0,0.000002838
lindp-old-sorted,tree,7,6,1,0.000003000
lindp-old-sorted,tree,7,6,2,0.000002838
lindp-old-sorted,tree,8,7,0,0.000003633
lindp-old-sorted,tree,8,7,1,0.000003598
lindp-old-sorted,tree,8,7,2,0.000003570
lindp-old-sorted,tree,9,8,0,0.000004389
lindp-old-sorted,tree,9,8,1,0.000004300
lindp-old-sorted,tree,9,8,2,0.000004428
lindp-old-sorted,tree,10,9,0,0.000005269
lindp-old-sorted,tree,10,9,1,0.000005050
lindp-old-sorted,tree,10,9,2,0.000005312
lindp-old-sorted,tree,11,10,0,0.000006033
lindp-old-sorted,tree,11,10,1,0.000006170
lindp-old-sorted,tree,11,10,2,0.000006020
lindp-old-sorted,tree,12,11,0,0.000007075
lindp-old-sorted,tree,12,11,1,0.000007137
lindp-old-sorted,tree,12,11,2,0.000007293
lindp-old-sorted,tree,13,12,0,0.000008780
lindp-old-sorted,tree,13,12,1,0.000008549
lindp-old-sorted,tree,13,12,2,0.000007922
lindp-old-sorted,tree,14,13,0,0.000009931
lindp-old-sorted,tree,14,13,1,0.000009301
lindp-old-sorted,tree,14,13,2,0.000009935
lindp-old-sorted,tree,15,14,0,0.000011597
lindp-old-sorted,tree,15,14,1,0.000010670
lindp-old-sorted,tree,15,14,2,0.000011745
lindp-old-sorted,tree,16,15,0,0.000013076
lindp-old-sorted,tree,16,15,1,0.000012895
lindp-old-sorted,tree,16,15,2,0.000012858
lindp-old-sorted,tree,17,16,0,0.000013198
lindp-old-sorted,tree,17,16,1,0.000015798
lindp-old-sorted,tree,17,16,2,0.000015725
lindp-old-sorted,tree,19,18,0,0.000018641
lindp-old-sorted,tree,19,18,1,0.000017769
lindp-old-sorted,tree,19,18,2,0.000020913
lindp-old-sorted,tree,21,20,0,0.000022296
lindp-old-sorted,tree,21,20,1,0.000023119
lindp-old-sorted,tree,21,20,2,0.000023118
lindp-old-sorted,tree,23,22,0,0.000026422
lindp-old-sorted,tree,23,22,1,0.000027413
lindp-old-sorted,tree,23,22,2,0.000026618
lindp-old-sorted,tree,25,24,0,0.000032362
lindp-old-sorted,tree,25,24,1,0.000034316
lindp-old-sorted,tree,25,24,2,0.000036601
lindp-old-sorted,tree,27,26,0,0.000041947
lindp-old-sorted,tree,27,26,1,0.000043261
lindp-old-sorted,tree,27,26,2,0.000040675
lindp-old-sorted,tree,29,28,0,0.000050507
lindp-old-sorted,tree,29,28,1,0.000046429
lindp-old-sorted,tree,29,28,2,0.000044987
lindp-old-sorted,tree,31,30,0,0.000054345
lindp-old-sorted,tree,31,30,1,0.000058375
lindp-old-sorted,tree,31,30,2,0.000055748
lindp-old-sorted,tree,33,32,0,0.000064949
lindp-old-sorted,tree,33,32,1,0.000065732
lindp-old-sorted,tree,33,32,2,0.000063546
lindp-old-sorted,tree,36,35,0,0.000097236
lindp-old-sorted,tree,36,35,1,0.000082484
lindp-old-sorted,tree,36,35,2,0.000078998
lindp-old-sorted,tree,39,38,0,0.000095664
lindp-old-sorted,tree,39,38,1,0.000106941
lindp-old-sorted,tree,39,38,2,0.000103146
lindp-old-sorted,tree,42,41,0,0.000119762
lindp-old-sorted,tree,42,41,1,0.000108849
lindp-old-sorted,tree,42,41,2,0.000156420
lindp-old-sorted,tree,45,44,0,0.000145735
lindp-old-sorted,tree,45,44,1,0.000154651
lindp-old-sorted,tree,45,44,2,0.000148902
lindp-old-sorted,tree,48,47,0,0.000182434
lindp-old-sorted,tree,48,47,1,0.000189090
lindp-old-sorted,tree,48,47,2,0.000181168
lindp-old-sorted,tree,51,50,0,0.000204988
lindp-old-sorted,tree,51,50,1,0.000233583
lindp-old-sorted,tree,51,50,2,0.000272247
lindp-old-sorted,tree,55,54,0,0.000259281
lindp-old-sorted,tree,55,54,1,0.000262705
lindp-old-sorted,tree,55,54,2,0.000285696
lindp-old-sorted,tree,59,58,0,0.000290710
lindp-old-sorted,tree,59,58,1,0.000317470
lindp-old-sorted,tree,59,58,2,0.000306664
lindp-old-sorted,tree,63,62,0,0.000409715
lindp-old-sorted,tree,63,62,1,0.000347339
lindp-old-sorted,tree,63,62,2,0.000408302
lindp-old-sorted,tree,67,66,0,0.000467424
lindp-old-sorted,tree,67,66,1,0.000449675
lindp-old-sorted,tree,67,66,2,0.000450727
lindp-old-sorted,tree,72,71,0,0.000572800
lindp-old-sorted,tree,72,71,1,0.000529112
lindp-old-sorted,tree,72,71,2,0.000538706
lindp-old-sorted,tree,77,76,0,0.000692864
lindp-old-sorted,tree,77,76,1,0.000583627
lindp-old-sorted,tree,77,76,2,0.000641301
lindp-old-sorted,tree,82,81,0,0.000808198
lindp-old-sorted,tree,82,81,1,0.000883722
lindp-old-sorted,tree,82,81,2,0.000827880
lindp-old-sorted,tree,88,87,0,0.001027212
lindp-old-sorted,tree,88,87,1,0.001270051
lindp-old-sorted,tree,88,87,2,0.001064767
lindp-old-sorted,tree,94,93,0,0.001205407
lindp-old-sorted,tree,94,93,1,0.001234725
lindp-old-sorted,tree,94,93,2,0.001063300
lindp-old-sorted,tree,100,99,0,0.001561500
lindp-old-sorted,tree,100,99,1,0.001352720
lindp-old-sorted,tree,100,99,2,0.001242620
lindp-old-sorted,tree,107,106,0,0.001709522
lindp-old-sorted,tree,107,106,1,0.001965929
lindp-old-sorted,tree,107,106,2,0.002013854
lindp-old-sorted,tree,114,113,0,0.002040712
lindp-old-sorted,tree,114,113,1,0.001965413
lindp-old-sorted,tree,114,113,2,0.002365513
lindp-old-sorted,tree,122,121,0,0.003132566
lindp-old-sorted,tree,122,121,1,0.002708902
lindp-old-sorted,tree,122,121,2,0.002517359
lindp-old-sorted,tree,130,129,0,0.003354187
lindp-old-sorted,tree,130,129,1,0.003321609
lindp-old-sorted,tree,130,129,2,0.003538467
lindp-old-sorted,tree,139,138,0,0.003236413
lindp-old-sorted,tree,139,138,1,0.003616022
lindp-old-sorted,tree,139,138,2,0.003775938
lindp-old-sorted,tree,148,147,0,0.004380478
lindp-old-sorted,tree,148,147,1,0.005179887
lindp-old-sorted,tree,148,147,2,0.003889436
lindp-old-sorted,tree,158,157,0,0.004958790
lindp-old-sorted,tree,158,157,1,0.006056897
lindp-old-sorted,tree,158,157,2,0.005343803
lindp-old-sorted,tree,168,167,0,0.006696169
lindp-old-sorted,tree,168,167,1,0.005462553
lindp-old-sorted,tree,168,167,2,0.006160064
lindp-old-sorted,tree,179,178,0,0.008116939
lindp-old-sorted,tree,179,178,1,0.007682386
lindp-old-sorted,tree,179,178,2,0.009951102
lindp-old-sorted,tree,191,190,0,0.010504792
lindp-old-sorted,tree,191,190,1,0.009741140
lindp-old-sorted,tree,191,190,2,0.008156022
lindp-old-sorted,tree,203,202,0,0.010614154
lindp-old-sorted,tree,203,202,1,0.009226345
lindp-old-sorted,tree,203,202,2,0.012075611
lindp-old-sorted,tree,216,215,0,0.013566250
lindp-old-sorted,tree,216,215,1,0.014407560
lindp-old-sorted,tree,216,215,2,0.012242352
lindp-old-sorted,tree,230,229,0,0.014846250
lindp-old-sorted,tree,230,229,1,0.012658010
lindp-old-sorted,tree,230,229,2,0.016799639
lindp-old-sorted,tree,245,244,0,0.018163132
lindp-old-sorted,tree,245,244,1,0.022488833
lindp-old-sorted,tree,245,244,2,0.019867687
lindp-old-sorted,tree,261,260,0,0.023772975
lindp-old-sorted,tree,261,260,1,0.025495823
lindp-old-sorted,tree,261,260,2,0.022815633
lindp-old-sorted,tree,278,277,0,0.028238927
lindp-old-sorted,tree,278,277,1,0.026286354
lindp-old-sorted,tree,278,277,2,0.024052025
lindp-old-sorted,tree,296,295,0,0.031649979
lindp-old-sorted,tree,296,295,1,0.027730563
lindp-old-sorted,tree,296,295,2,0.033885000
lindp-old-sorted,tree,315,314,0,0.036750861
lindp-old-sorted,tree,315,314,1,0.037429556
lindp-old-sorted,tree,315,314,2,0.036498014
lindp-old-sorted,tree,335,334,0,0.047136333
lindp-old-sorted,tree,335,334,1,0.052746375
lindp-old-sorted,tree,335,334,2,0.044041222
lindp-old-sorted,tree,356,355,0,0.058714000
lindp-old-sorted,tree,356,355,1,0.060066604
lindp-old-sorted,tree,356,355,2,0.072190667
lindp-old-sorted,tree,379,378,0,0.081587812
lindp-old-sorted,tree,379,378,1,0.057957625
lindp-old-sorted,tree,379,378,2,0.080141354
lindp-old-sorted,tree,403,402,0,0.086817521
lindp-old-sorted,tree,403,402,1,0.081381791
lindp-old-sorted,tree,403,402,2,0.068364584
lindp-old-sorted,tree,429,428,0,0.095694438
lindp-old-sorted,tree,429,428,1,0.115929166
lindp-old-sorted,tree,429,428,2,0.086798666
lindp-old-sorted,tree,456,455,0,0.111218209
lindp-old-sorted,tree,456,455,1,0.104247459
lindp-old-sorted,tree,456,455,2,0.111883541
lindp-old-sorted,tree,485,484,0,0.163940708
lindp-old-sorted,tree,485,484,1,0.155319291
lindp-old-sorted,tree,485,484,2,0.118288791
lindp-old-sorted,tree,516,515,0,0.157076042
lindp-old-sorted,tree,516,515,1,0.156493125
lindp-old-sorted,tree,516,515,2,0.239464917
lindp-old-sorted,tree,549,548,0,0.259767625
lindp-old-sorted,tree,549,548,1,0.268797167
lindp-old-sorted,tree,549,548,2,0.231848500
lindp-old-sorted,tree,584,583,0,0.291926667
lindp-old-sorted,tree,584,583,1,0.242932167
lindp-old-sorted,tree,584,583,2,0.296704125
lindp-old-sorted,tree,621,620,0,0.327108459
lindp-old-sorted,tree,621,620,1,0.308824708
lindp-old-sorted,tree,621,620,2,0.300572125
lindp-old-sorted,tree,660,659,0,0.332686167
lindp-old-sorted,tree,660,659,1,0.349823750
lindp-old-sorted,tree,660,659,2,0.284604042
lindp-old-sorted,tree,702,701,0,0.436685833
lindp-old-sorted,tree,702,701,1,0.388538042
lindp-old-sorted,tree,702,701,2,0.403061083
lindp-old-sorted,tree,746,745,0,0.508198500
lindp-old-sorted,tree,746,745,1,0.540695708
lindp-old-sorted,tree,746,745,2,0.554819250
lindp-old-sorted,tree,793,792,0,0.622793000
lindp-old-sorted,tree,793,792,1,0.619738417
lindp-old-sorted,tree,793,792,2,0.601720792
lindp-old-sorted,tree,843,842,0,0.816718500
lindp-old-sorted,tree,843,842,1,0.676096666
lindp-old-sorted,tree,843,842,2,0.622260583
lindp-old-sorted,tree,896,895,0,1.069357750
lindp-old-sorted,tree,896,895,1,0.974112792
lindp-old-sorted,tree,896,895,2,0.836761125
lindp-old-sorted,tree,952,951,0,0.862949917
lindp-old-sorted,tree,952,951,1,1.165862000
lindp-old-sorted,tree,952,951,2,0.878717333
lindp-old-sorted,tree,1012,1011,0,1.394639166
lindp-old-sorted,tree,1012,1011,1,1.288988666
lindp-old-sorted,tree,1012,1011,2,1.104391375
